{"cameraMode":{"drawMode":0,"name":"Shaded","section":"Shading Mode"},"sceneLighting":true,"audioPlay":false,"sceneViewState":{"m_AlwaysRefresh":false,"showFog":true,"showSkybox":true,"showFlares":true,"showImageEffects":true,"showParticleSystems":true,"showVisualEffectGraphs":true,"m_FxEnabled":true},"in2DMode":false,"pivot":{"x":-0.36580324172973635,"y":0.8757829666137695,"z":-9.957416534423829},"rotation":{"x":0.031150277704000474,"y":-0.047362543642520908,"z":-0.001477606943808496,"w":-0.9983928799629211},"size":1.062043309211731,"orthographic":true}