{"cameraMode":{"drawMode":0,"name":"Shaded","section":"Shading Mode"},"sceneLighting":true,"audioPlay":false,"sceneViewState":{"m_AlwaysRefresh":false,"showFog":true,"showSkybox":true,"showFlares":true,"showImageEffects":true,"showParticleSystems":true,"showVisualEffectGraphs":true,"m_FxEnabled":true},"in2DMode":false,"pivot":{"x":363.3520202636719,"y":144.84481811523438,"z":9.727630615234375},"rotation":{"x":0.031150277704000474,"y":-0.047362543642520908,"z":-0.001477606943808496,"w":-0.9983928799629211},"size":244.6536407470703,"orthographic":true}