{"cameraMode":{"drawMode":0,"name":"Shaded","section":"Shading Mode"},"sceneLighting":true,"audioPlay":false,"sceneViewState":{"m_AlwaysRefresh":false,"showFog":true,"showSkybox":true,"showFlares":true,"showImageEffects":true,"showParticleSystems":true,"showVisualEffectGraphs":true,"m_FxEnabled":true},"in2DMode":false,"pivot":{"x":565.8980102539063,"y":262.3040771484375,"z":-24.311676025390626},"rotation":{"x":0.031150277704000474,"y":-0.047362543642520908,"z":-0.001477606943808496,"w":-0.9983928799629211},"size":297.6509704589844,"orthographic":true}