{"cameraMode":{"drawMode":0,"name":"Shaded","section":"Shading Mode"},"sceneLighting":false,"audioPlay":false,"sceneViewState":{"m_AlwaysRefresh":false,"showFog":true,"showSkybox":false,"showFlares":true,"showImageEffects":true,"showParticleSystems":true,"showVisualEffectGraphs":true,"m_FxEnabled":true},"in2DMode":false,"pivot":{"x":-0.00003147125244140625,"y":1.3255202770233155,"z":-0.13877826929092408},"rotation":{"x":0.06744850426912308,"y":0.002993165049701929,"z":-0.00020234969269949943,"w":0.9977192878723145},"size":2.106238842010498,"orthographic":true}