{"cameraMode":{"drawMode":0,"name":"Shaded","section":"Shading Mode"},"sceneLighting":false,"audioPlay":false,"sceneViewState":{"m_AlwaysRefresh":false,"showFog":true,"showSkybox":false,"showFlares":true,"showImageEffects":true,"showParticleSystems":true,"showVisualEffectGraphs":true,"m_FxEnabled":true},"in2DMode":false,"pivot":{"x":0.535290002822876,"y":1.6222021579742432,"z":-0.07116963714361191},"rotation":{"x":0.06744850426912308,"y":0.002993165049701929,"z":-0.00020234969269949943,"w":0.9977192878723145},"size":26.065757751464845,"orthographic":true}